Experiment,Egg_ID,pX,pY,tX,tY
1000,0,0.5213857379750627,0.6038418470063296,0.974763780707167,0.15393236950220446
1000,1,0.47094179732225394,0.20324794254467882,0.6990892753701047,0.44724144689102074
1000,2,0.5287590256200526,0.19103628008078877,0.01751320910460452,0.29102490559414307
1000,3,0.2815455986418517,0.753681552191594,0.3812366109308799,0.3210279121387014
1000,4,0.5516717767312141,0.8637220757083885,0.9425446680115734,0.7026669725351259
1000,5,0.8053722209059218,0.24837266320613882,0.1364503186469025,0.3432090734659071
1000,6,0.18985741208154028,0.9839955818921721,0.8119946025956372,0.1484940005253066
1000,7,0.669997165946232,0.2803828299787884,0.05932569150816602,0.31441663418966115
1000,8,0.20391323427420127,0.6250646854524542,0.4201564531486972,0.8080177080661693
1000,9,0.6526043158620559,0.8988075287484649,0.009507586149987812,0.45408378825522866
1001,0,0.6125949285699509,0.01570046782033152,0.2660570346469303,0.9563312073493949
1001,1,0.18768957688192967,0.8578900645411249,0.7839076765806643,0.1085241545087855
1001,2,0.07619863426781426,0.20109024444542412,0.889240093217637,0.3800383284878941
1001,3,0.6301009993730667,0.09856213352097432,0.32904133295635696,0.07095148520665628
1001,4,0.1522044045102997,0.180245007412709,0.3706500693485787,0.9777868389525866
1001,5,0.13192838801799178,0.9841169795989557,0.3895536659815877,0.37760977059711276
1001,6,0.7651532111809396,0.2534679147405474,0.38886987310444376,0.0453381399015137
1001,7,0.4906209837894989,0.21108273486122675,0.3581946596047768,0.12433834170278402
1001,8,0.3604854515944512,0.9131252947846392,0.08695737311910012,0.27107241401295
1001,9,0.06276670152685293,0.2011858196116283,0.4001057969810665,0.7180665418956322
1002,0,0.3808211594831159,0.35718933767094696,0.25225644753311605,0.7573756147468383
1002,1,0.7476123170681911,0.38949191910491154,0.33271179123569905,0.02183802841296134
1002,2,0.3371311867995367,0.554894529529624,0.07495821112674872,0.594441641667337
1002,3,0.1872184016645808,0.11965237903687864,0.023759081139567484,0.23601048063936914
1002,4,0.8403498245850005,0.40270005746530324,0.13373561524660516,0.21151381579085782
1002,5,0.9288514529982621,0.3479132017067148,0.7156522756595861,0.9268454473582323
1002,6,0.36595373947252063,0.9897526888083057,0.24671079787453132,0.40486626681230564
1002,7,0.28307656046435514,0.03207083178596193,0.6045613922813895,0.13437633317724185
1002,8,0.0028255507531961266,0.8171100875574389,0.30166136160577506,0.7474521926915116
1002,9,0.14411522325918635,0.15440066569393596,0.41267355320606336,0.3473553520385829
1003,0,0.18775736826863343,0.2567058102188221,0.9701135091801595,0.711369866900379
1003,1,0.4946793271888513,0.6607915574841853,0.08498839038614125,0.8375095237523639
1003,2,0.7521128616760768,0.7230978681396768,0.47741166578345606,0.7164335060813415
1003,3,0.34043719950408013,0.5975405884981562,0.5066277282471301,0.13504082128158024
1003,4,0.9705771125120725,0.7067041404667089,0.8997083341117353,0.15905588473374177
1003,5,0.21703473546567242,0.14070030939509937,0.3543872583458809,0.5188196459316057
1003,6,0.7071974956272638,0.8628907711700844,0.37462238905562883,0.565661483750557
1003,7,0.3895257185114104,0.1147605781444323,0.9311965792647683,0.1459729046066609
1003,8,0.5355834505973794,0.5280202273126233,0.5928230034323192,0.18488258818670378
1003,9,0.8298203543403415,0.10937753124056437,0.7047548820283535,0.6372678828322231
1004,0,0.0008804527407150209,0.13015131212763142,0.7539026645502092,0.502651207380541
1004,1,0.13847736529859134,0.38065463694723745,0.38976269633965976,0.08749286843973936
1004,2,0.6206738048579876,0.8370927679159851,0.035865095441228845,0.7871760699929226
1004,3,0.1254923400595731,0.5604766674384422,0.6777672417269937,0.4423820571459228
1004,4,0.2742495749428059,0.8249869948303966,0.21342708690373324,0.8002725185231889
1004,5,0.6417502375516123,0.2147086462298886,0.14464357336666567,0.9359144895576167
1004,6,0.040505797944109245,0.49154688173231653,0.8051258183552314,0.6111573644055484
1004,7,0.32468899969820975,0.9652799312740642,0.33645578693502576,0.41263846810703186
1004,8,0.7795759694794436,0.7568400920561765,0.032390531825900126,0.865991922424812
1004,9,0.9967613960743466,0.7704636946840372,0.7430570073323344,0.09719663026675918
1005,0,0.08221917306789372,0.9305620423886036,0.5132579556726936,0.022371025856205762
1005,1,0.28728402836777045,0.6385580486204986,0.8567718189414344,0.7922874395331289
1005,2,0.8347927245440864,0.9767220034530403,0.05536557433865996,0.8659504224506847
1005,3,0.16223470409015794,0.4968046547787116,0.6035302592299034,0.4307625330090822
1005,4,0.7168271350015637,0.3400036898999208,0.8991895251460447,0.21251044948081432
1005,5,0.9445920280003571,0.17058751922898674,0.9414096448769269,0.47861484473711413
1005,6,0.6677887054445794,0.49619036492748114,0.566929974393941,0.37853452281021627
1005,7,0.44706273567756794,0.9538245535877294,0.5186025908618318,0.7839932820800103
1005,8,0.7441875504175591,0.16671421089081406,0.08009102879770325,0.4295791854027101
1005,9,0.7905159059093851,0.8319008277273862,0.7338551271832165,0.8230380594985921
1006,0,0.33692143357282445,0.6008569437996548,0.14011125239074607,0.7903070642034856
1006,1,0.2978312994091755,0.23757244469557315,0.8707425489570421,0.4962355993462101
1006,2,0.7997698561657394,0.3350451551953154,0.500495572954473,0.25799946457099765
1006,3,0.4057733892628195,0.3564356821708432,0.08459928399832273,0.17128128711814206
1006,4,0.6748539437214829,0.4889456292110227,0.08661581105951921,0.9406980190070102
1006,5,0.862911430993872,0.7718655057460044,0.1923533148652935,0.7481828143135966
1006,6,0.08301935328642807,0.4650098122549452,0.6443430547672812,0.5062654528409837
1006,7,0.7949388617915114,0.019964608734050038,0.18143117306275436,0.4785310294956927
1006,8,0.3988515156947806,0.8873033083221201,0.3091526144010579,0.25240108599294453
1006,9,0.55091937149646,0.9710505015492112,0.2081057523064338,0.13113479343823864
1007,0,0.07122493746088576,0.8159803451779433,0.6342542036175776,0.6314150879210655
1007,1,0.6429285129186573,0.19659524482764845,0.7224038370004929,0.41413063416725915
1007,2,0.58881879351667,0.8953371516183265,0.7499048087132105,0.8625114226891634
1007,3,0.45118085966884813,0.19761857359999602,0.7412843554023422,0.13439933815045302
1007,4,0.35799034086206927,0.04295899793272917,0.1290023348717776,0.44533872089060045
1007,5,0.8164435390130385,0.48487600844533596,0.18660352075677378,0.3564249826078637
1007,6,0.8089745570459012,0.5596728145224117,0.20226780675941602,0.9226492577175734
1007,7,0.9725927077497662,0.8326644376288705,0.7855723469775051,0.9965181537554727
1007,8,0.6057085812983306,0.22849444196407442,0.6234597504125218,0.9278153187236643
1007,9,0.8354259917268371,0.33612266228706233,0.7527638796851491,0.6074346868210929
1008,0,0.16725274905461873,0.8130507477287792,0.7235076588812613,0.710663167384373
1008,1,0.21743282921424179,0.9837694545488607,0.25366954933934427,0.360309656372117
1008,2,0.9831882741432073,0.8442756883349178,0.3488747998569123,0.22905322411822515
1008,3,0.3988736039846861,0.022736620301528454,0.04653807598342552,0.35072734891097757
1008,4,0.26941189635007357,0.37266913415542857,0.26299349865021404,0.3247166896405477
1008,5,0.18897040650029706,0.19968793560016262,0.923689568397195,0.11349130451770317
1008,6,0.41951701554710463,0.8456994947206989,0.4223501846935024,0.8712181377141172
1008,7,0.45161327852313304,0.885017890792492,0.24229179766038167,0.04509088025001773
1008,8,0.4139090255260569,0.3225179787764535,0.8902925095328316,0.06664229888382112
1008,9,0.2663002769795514,0.8051757080079358,0.3052509146932948,0.1017829774939839
1009,0,0.05650046205343928,0.3269155876728618,0.011432801749550414,0.3978742104817231
1009,1,0.04985146207319824,0.2813264184263258,0.7365062091919554,0.9871780831335838
1009,2,0.825845872477419,0.6089774830291266,0.4303293802022631,0.9375586177242037
1009,3,0.562323791165168,0.4979662169289053,0.2987612709813784,0.5999713095796205
1009,4,0.028158710412372612,0.15226200989891714,0.5208846653050306,0.0744637713664581
1009,5,0.9319619656844066,0.05708504791648772,0.7292360020216784,0.21468795529875773
1009,6,0.755985528259287,0.27185231247827657,0.022215822777977734,0.30777500369051414
1009,7,0.27828716258384145,0.6314788851744505,0.852033071989338,0.6330617188123301
1009,8,0.7617459223186036,0.4884300184060515,0.8564741184225917,0.9477851718683489
1009,9,0.2622869683178266,0.3225553291791772,0.5461955048782834,0.9700855256088791
1010,0,0.09499228296157225,0.5358057312368436,0.9723367002451353,0.8907629821925717
1010,1,0.9176767331134608,0.9814658488888031,0.10975253822403819,0.02515088952890665
1010,2,0.8488195391456946,0.7461448559623957,0.3238633184684575,0.4080560240017569
1010,3,0.40942164833729033,0.5649149321200109,0.2629567159811307,0.11479081246258749
1010,4,0.08390690747848606,0.6468964924735273,0.08912586238911469,0.4192031544893289
1010,5,0.261140463200464,0.8735331391008029,0.7825442181632156,0.7149522543500757
1010,6,0.04014625925350812,0.9910785401041451,0.3965868517699185,0.43582214181707635
1010,7,0.6931387407356611,0.8478434592435232,0.7141481029189292,0.1067431100034768
1010,8,0.7097836344208066,0.06975579856770475,0.2264783599673701,0.13327488587920366
1010,9,0.11461650776002064,0.16940786834647026,0.25053036978316345,0.5767354406319161
1011,0,0.2841248403504366,0.5633235355093955,0.01162544379775965,0.7317636967585023
1011,1,0.21260013465398975,0.08203898082166727,0.13739876666805273,0.6130500259071027
1011,2,0.10280833027220804,0.39766354520088154,0.3781708825064404,0.6461686953159032
1011,3,0.4190863048519363,0.9824148023832405,0.05584399348324576,0.4769391262365785
1011,4,0.9867811809369486,0.5165636679349472,0.6671101113364398,0.16202134304064453
1011,5,0.030981636440907012,0.368734798548512,0.33828137733638153,0.25487388442848014
1011,6,0.48927542006607483,0.6712092854299422,0.44299928713150816,0.10566073512164365
1011,7,0.0022264429954097498,0.8465968486598483,0.29474569603918754,0.8184230450643826
1011,8,0.24860932410465786,0.15336733561614702,0.9918707639133272,0.8953638721589232
1011,9,0.5076545617218119,0.6053363899595458,0.44922565243910695,0.49502499494674357
1012,0,0.306320483270639,0.7806466843779923,0.6912399194598642,0.6078288460688122
1012,1,0.23843641955367567,0.8604006784670388,0.527597798247534,0.2453827863885737
1012,2,0.49372641345088586,0.6651875362293219,0.8036052156683331,0.30267805848259266
1012,3,0.5776907616284067,0.13200202348913193,0.34108865204187666,0.9378983710260698
1012,4,0.9906876116702038,0.6998974989066628,0.17034828936163715,0.3702623207776353
1012,5,0.7326056539181514,0.20670753680005216,0.423829856244462,0.8878515364792545
1012,6,0.3287781131089875,0.6414089736397877,0.39952826791801976,0.5016896197067771
1012,7,0.893190086170648,0.48733617108080296,0.7127062412957877,0.84119100460801
1012,8,0.30874521570514213,0.3367398054831242,0.10119928422124536,0.07527487460445392
1012,9,0.13929326797686625,0.8445758660606844,0.6285390166062934,0.9397368333055272
1013,0,0.7944929153061878,0.07897947157425611,0.8224235572014301,0.6078183651177607
1013,1,0.6726595912967692,0.4475685073833062,0.6066630576354107,0.1989393266232663
1013,2,0.712113493737592,0.23952056646201747,0.8281111002809468,0.986746709870017
1013,3,0.5239291275148786,0.5698567146315368,0.7509725613347951,0.7777840684243774
1013,4,0.7635108361645332,0.5495856193442891,0.5006629588474488,0.550222156449459
1013,5,0.4959679448067922,0.08299425144176487,0.13903814571779682,0.039117109256138094
1013,6,0.9911480402992114,0.7459311772314228,0.2140391195598642,0.6970607349441658
1013,7,0.8064544591914353,0.8432630585697882,0.2774506043520636,0.1608467595570534
1013,8,0.9445015305207269,0.5957304924467398,0.4158175975190773,0.11088494282780781
1013,9,0.22201170980668494,0.7146254070412271,0.18263835739775502,0.8186918159612271
1014,0,0.4355240016227999,0.5857023053004146,0.9971617161246324,0.2935718861661424
1014,1,0.89796480698504,0.9925806404171905,0.710587881471288,0.31221129594247
1014,2,0.5113937240497192,0.2329634083100911,0.9651326420461863,0.6209155617467661
1014,3,0.8433274624768247,0.6474783134682043,0.006488191176412861,0.20409090718077572
1014,4,0.5844005860094222,0.5665333054517635,0.200052691529078,0.2714982710780589
1014,5,0.7583580604329233,0.4650549340234502,0.44268211122115164,0.6103192809438022
1014,6,0.3385624435284479,0.5255722007640055,0.44560135181219085,0.11248622126200147
1014,7,0.5989174152002401,0.18385823091445608,0.7133739267933886,0.3037732482458736
1014,8,0.5330373531268275,0.9503531475726358,0.9671534176973255,0.8655349690465309
1014,9,0.5232456799181349,0.43728851105404865,0.6825293982605621,0.4690060003325679
1015,0,0.35990293523405814,0.6070678286073653,0.6236339663948136,0.20875386696326603
1015,1,0.6413051198177792,0.09293530447893228,0.6531985425573906,0.8941086245807272
1015,2,0.03048948497761228,0.1466079067059286,0.9692284257103009,0.2610793968379037
1015,3,0.3514300412879273,0.6938660496610755,0.6445006649732528,0.3098434670728363
1015,4,0.31251486133439343,0.32447894170747693,0.7956140497351514,0.6304590196061076
1015,5,0.25666048296461486,0.12813746683706406,0.8854346364928445,0.9894354348769467
1015,6,0.9425125738937501,0.7191683408842363,0.9772413608181167,0.28378601925352076
1015,7,0.6994513524928357,0.6862263470645612,0.2568332004295695,0.7881558083457563
1015,8,0.5979863258934875,0.1440887007971806,0.8037249776760924,0.7628011006063545
1015,9,0.8191836847469106,0.843387448382985,0.6687988620815268,0.03838346054519781
1016,0,0.22799159671218538,0.4426939910943114,0.7749749547905007,0.057295639585348335
1016,1,0.3536239538847278,0.5797076696211895,0.23933261730106892,0.07260212323840576
1016,2,0.414961366972192,0.4840478325042161,0.36899302405269074,0.8259304965776293
1016,3,0.9373557508482383,0.5778474684442854,0.9872360434870017,0.559187364466896
1016,4,0.6994596867161896,0.7267064000653662,0.2723623911219809,0.2089097552331335
1016,5,0.3546155990185422,0.01178333340589155,0.08838256696978608,0.8581971408177903
1016,6,0.7371533690911962,0.5728191420550396,0.7060688286082096,0.8219962191228304
1016,7,0.8823155864427376,0.8902175343791771,0.9099376141527912,0.8038468406082817
1016,8,0.5348143582727775,0.7391686914751594,0.3482081143300947,0.15896547637177005
1016,9,0.4472124185037887,0.9515613986567153,0.031675111566176306,0.8642935692745289
1017,0,0.9183517543102762,0.8213318736338147,0.8918083348763076,0.27691470551949937
1017,1,0.9725793920771013,0.5996217327383533,0.0380145830969576,0.31817861890835897
1017,2,0.06861612047609933,0.4167277006677115,0.5492254658475026,0.40801478549566583
1017,3,0.6123365637640208,0.47048929166688647,0.2903043615944565,0.08221420112691036
1017,4,0.3150544828350311,0.15117245490495546,0.9646767760445062,0.4620847563704147
1017,5,0.3022840749606339,0.8920954257479797,0.576537605738538,0.2740059553712416
1017,6,0.8052147927502998,0.3264943023298984,0.10417371633171846,0.3948494912484827
1017,7,0.8048803669895772,0.5479255164319112,0.7341002216421931,0.1278967668186144
1017,8,0.6711035909665312,0.07023090859044878,0.0805841579220774,0.7753038289332321
1017,9,0.06268960913552524,0.2357225693635936,0.21725678206530386,0.70923764339383
1018,0,0.5939754491886893,0.45495907569510874,0.6776188892097498,0.40447657641420753
1018,1,0.8715138877530265,0.8143883875486497,0.3283136588396093,0.3840719535782847
1018,2,0.5282418501985943,0.6764874513481832,0.3913574386340172,0.6668671538559554
1018,3,0.28911892903646996,0.5992452276074698,0.20601513672349148,0.2984455427125574
1018,4,0.4847182392862355,0.6511591188764524,0.11359560620733955,0.0313276075804797
1018,5,0.8041070559628384,0.6749930076838186,0.7637421915376442,0.8094356966965577
1018,6,0.08261098190414218,0.656262420108929,0.216654712701829,0.10492022997451234
1018,7,0.3229106550209845,0.36301875413221496,0.23625291390379743,0.7352110419228826
1018,8,0.01600222384370953,0.09663539692193857,0.29678882882215696,0.46079183810531155
1018,9,0.8926105407166285,0.41206507486798205,0.6087990126366117,0.06825342695403058
1019,0,0.21692685860659155,0.395995047893723,0.9781264578647626,0.9652547868441376
1019,1,0.46688416425088075,0.8287519478664287,0.23483617507963694,0.5152604878790258
1019,2,0.21226500449532137,0.7048651224771212,0.7882444109589092,0.730406058678919
1019,3,0.268760657096936,0.10051659118022016,0.9654341452983036,0.24859107388480117
1019,4,0.5062136515289264,0.5098648627533231,0.9960462256256386,0.2253176899664734
1019,5,0.6743646648155804,0.4650238278494647,0.8349167661490668,0.0853920927441898
1019,6,0.2887942513950207,0.1119922081634035,0.4106099182179098,0.6872723213941075
1019,7,0.9269843129004998,0.10868827324777197,0.7816921145014614,0.5789242504675813
1019,8,0.519365282749685,0.06920281381382098,0.9374145402177885,0.262493300830286
1019,9,0.9333171030384615,0.8873779579281924,0.5678734383576243,0.7070448155484227
1020,0,0.5787002429958609,0.2836752812882015,0.35270060737096054,0.9341186103122295
1020,1,0.07569277830531729,0.7069670285057058,0.1770501996856796,0.61079983950037
1020,2,0.08877012219186098,0.4341181172999391,0.7280412683849616,0.948053359371548
1020,3,0.48946911574407104,0.5433094461240775,0.9230156189493228,0.7718556644943386
1020,4,0.7027745271826757,0.40010216525797904,0.7482151294455769,0.682565179084865
1020,5,0.8744065390206524,0.749304864176899,0.7975296311326557,0.8715903606709199
1020,6,0.02859234991729509,0.8864488150809968,0.4642028391886919,0.27989855372176353
1020,7,0.6160006841204028,0.7322378661310041,0.591029863229536,0.7768178316285798
1020,8,0.7306976992840214,0.8698225338498887,0.9566624866365366,0.49981910303465504
1020,9,0.23955125604027094,0.308069035948759,0.9535675582880435,0.9251817350491939
1021,0,0.374388142529123,0.08085141272234175,0.4853238554505527,0.11208611235267985
1021,1,0.9914633756417389,0.11289706667189792,0.7361091426799576,0.22309035641878505
1021,2,0.17465231606590448,0.9527936421041351,0.7821903801760463,0.40433152268154715
1021,3,0.7035150907008424,0.5757352952230789,0.3697719169681335,0.44339899540978744
1021,4,0.4343612697087722,0.7377252845870816,0.38363179832731586,0.2619556907513838
1021,5,0.7834235132678379,0.05901859681955213,0.16663577766847837,0.13351381471317858
1021,6,0.4351205678796335,0.9555266942070026,0.9756107596452708,0.5003336995549453
1021,7,0.5256826664829942,0.2819895945177804,0.37254217923220556,0.052900116906913874
1021,8,0.6819103638701367,0.7368718825538308,0.3835033562893434,0.9706318919553503
1021,9,0.6089185472426808,0.0888277430783958,0.6668463176480796,0.3209706225162319
1022,0,0.000526645424315908,0.9184167560562477,0.0021634308956421933,0.7928715993090079
1022,1,0.5898144397795082,0.6460669862766725,0.7867184764894201,0.9123525480659203
1022,2,0.5141079923205452,0.7425920144210395,0.12698775611638624,0.7825468716663629
1022,3,0.7884086216380722,0.37992606844774,0.7893314093047746,0.32835585163352154
1022,4,0.13837733967823818,0.7513748717684792,0.5517972856606638,0.5534037591175112
1022,5,0.3912470408045188,0.8741461196085628,0.663925649968636,0.440523665350664
1022,6,0.8613926092017298,0.7003890351124253,0.6508736888987934,0.8985043328425673
1022,7,0.16220961089066666,0.7124401775692268,0.15797879527623504,0.3756629453023639
1022,8,0.7552112038987676,0.14614269627931853,0.8665931326290661,0.541488273109218
1022,9,0.9560834451315419,0.7711913385274841,0.06627671948872749,0.07156666431783798
1023,0,0.3388690800085262,0.9058987350826767,0.3150956959869864,0.8272828924282555
1023,1,0.9096019511703625,0.7472233822093671,0.04765386051955667,0.758688296286359
1023,2,0.8231023217288543,0.26763655699737177,0.8232711370468566,0.13067608216160298
1023,3,0.08770085639744618,0.26731961214478683,0.4336153002822669,0.07271263271912076
1023,4,0.7016503339999498,0.7766583261875005,0.3963894235711819,0.8035108796211096
1023,5,0.3736450441663143,0.16165231229505916,0.10134486229237794,0.3458011832665455
1023,6,0.3066843882819119,0.29964547697556976,0.6976865243442741,0.539800589797567
1023,7,0.7486158284746125,0.7775648900575678,0.5467978086496567,0.03815065964961528
1023,8,0.4183749903606261,0.28090606846498234,0.3993681824216684,0.9717496700981881
1023,9,0.3239570918130552,0.8989089183007541,0.9294627599182249,0.4133934267410546
1024,0,0.3224619691165699,0.2583528100229512,0.6960186934012024,0.037173826020513445
1024,1,0.3703118141482903,0.8850496566737039,0.7826873551681017,0.7040048926963455
1024,2,0.623728520791501,0.042019205079650956,0.2135534536612007,0.5068764297437449
1024,3,0.8863993314485581,0.8123636996293847,0.7077422824425499,0.7330867867608216
1024,4,0.6814852346128458,0.23126837480453777,0.3175999085763499,0.18245792252236792
1024,5,0.8421849593435157,0.4210019853907785,0.7180897661069129,0.4372094934008425
1024,6,0.985899335837574,0.4527713414058777,0.4691982413732161,0.47713190660410054
1024,7,0.5235785914168726,0.44230022705305816,0.04243326865129948,0.8280575290377352
1024,8,0.5835174828671592,0.7264143889290887,0.7934341902528745,0.9950051483637169
1024,9,0.7960795589103274,0.10761198201879885,0.5701396536940582,0.6789638985881629
1025,0,0.8211173666027154,0.6290074949252206,0.6006138392318672,0.3895231103048107
1025,1,0.16214494857259,0.25772856307123726,0.12279783111379894,0.3155056822342289
1025,2,0.26863279158443876,0.6434848587121446,0.08306399422671928,0.8193459020259531
1025,3,0.6513899623482509,0.005810524406943629,0.21052905488981177,0.21156223215691172
1025,4,0.6051605278309884,0.8755636298971953,0.3427315146442933,0.7973536214184452
1025,5,0.22758517772060916,0.8424782184618917,0.3377291175637862,0.3282567233980379
1025,6,0.49403510871329714,0.9939301456342573,0.4453296546881723,0.7969798483469975
1025,7,0.7221740755196778,0.1774423969479686,0.18180998021390737,0.823834143335013
1025,8,0.08553590091853502,0.7922129746043495,0.6617096858604585,0.38674477594805345
1025,9,0.8641313733980693,0.0714046021303335,0.21164336842504505,0.80267081194952
1026,0,0.17073719590438852,0.595117264567321,0.25260703642349336,0.17278101908385157
1026,1,0.1945701361409351,0.03555601644361628,0.04651654565162222,0.07365720645372897
1026,2,0.5700924547740923,0.4912674676044625,0.5199161564635911,0.7358101639275773
1026,3,0.43365616240347726,0.17269472870864966,0.791065916729583,0.3023481056056203
1026,4,0.693967941435845,0.4137938862789884,0.5280418343830982,0.49051249340548353
1026,5,0.764410836057878,0.43816281199234974,0.3884091618282949,0.08233261894686861
1026,6,0.9372014103444194,0.09690651331366584,0.20765427483851573,0.4184895068089707
1026,7,0.6972766897806563,0.2626186720751359,0.5092561503691375,0.018058471008088994
1026,8,0.39750410038697637,0.790990148129819,0.1649084714612603,0.8699484476826436
1026,9,0.5525535206189335,0.32465634940010424,0.5028842193046491,0.09497307965544055
1027,0,0.027974556111119653,0.5621456434104046,0.17037446098396258,0.21719896590015875
1027,1,0.565162061109393,0.011515888006579877,0.04173948078652301,0.3713814239527954
1027,2,0.9058213478066107,0.9918859175632673,0.04990728435474878,0.006309449290543112
1027,3,0.3592917846003787,0.11069377298807337,0.48942515870052294,0.7844762279022433
1027,4,0.04159840858296471,0.8464545925244067,0.0074054605269472384,0.945582055631454
1027,5,0.5089641315128365,0.6744127181639736,0.289263328289305,0.2787904806908148
1027,6,0.516414551559976,0.8864891103382752,0.865057985040054,0.22500117694872745
1027,7,0.23544564672551216,0.5444158721049573,0.5258524601530669,0.7925980324015521
1027,8,0.8058379803636374,0.7322900955256514,0.7361472107940223,0.1588104502478005
1027,9,0.9400085094026632,0.9001654115537273,0.15526289157659467,0.8340592991032426
1028,0,0.816171078612689,0.38601644358296494,0.8864478344317991,0.7963311953223697
1028,1,0.6753121623629665,0.18137861004482603,0.6086636347193498,0.7600866267098543
1028,2,0.8380242449096703,0.4745085655206861,0.37494542344167914,0.7576168969629913
1028,3,0.9856410671254103,0.44309615821028203,0.8710796042399731,0.7235074291693309
1028,4,0.6589478732956797,0.24461157400545175,0.9782948469657765,0.7347365685948253
1028,5,0.48884733892209153,0.2655522251231637,0.8066007542715449,0.40828197441527736
1028,6,0.1468969448924501,0.48626919371796484,0.9209075503825362,0.12270454926916352
1028,7,0.40094402226876025,0.2733326221683112,0.0554406647728114,0.8817366107022995
1028,8,0.9006441064169388,0.2162648677703337,0.7695150692645356,0.7009968546821647
1028,9,0.37779024553433926,0.09592558758528213,0.505316368994479,0.5526311757886565
1029,0,0.8367773363264838,0.8229361223341797,0.5654701635442169,0.9879260782406086
1029,1,0.04919653616645214,0.1840158898539408,0.21913496328545845,0.4558571644841112
1029,2,0.36853497563581006,0.4903683067320743,0.3004843169336624,0.862219921682442
1029,3,0.5371767708780112,0.23728848435951266,0.9701710359184419,0.7264189800974857
1029,4,0.8232573605321017,0.13883263148300062,0.12422036876465803,0.7069584702326512
1029,5,0.7640950976265439,0.8707303711670399,0.13293819795715844,0.811196287959418
1029,6,0.20289823959432007,0.6154973875585174,0.028496747382275256,0.747330139538849
1029,7,0.009224833386107578,0.1597140542078811,0.26724437539443036,0.27883476612459757
1029,8,0.9121741770165254,0.8429595871061132,0.8258896014799222,0.1774868415724602
1029,9,0.3796671216266637,0.9602584087268938,0.9385918170139103,0.11174769621137326
1030,0,0.2368647477986211,0.02518709788860607,0.5005517612467149,0.4261102393443462
1030,1,0.8128191290560712,0.5750271277841108,0.22730813006594253,0.8317981783094321
1030,2,0.9908140119451381,0.69463262106235,0.29828357906366865,0.4091508069045918
1030,3,0.2955876384265528,0.04142590866046192,0.8333239841127873,0.32020376178381804
1030,4,0.011688817117773032,0.1432809889098532,0.42708066472355466,0.7246836469964721
1030,5,0.5349197826959394,0.7396315128977745,0.9506521080662709,0.1880744874950212
1030,6,0.29133228423823954,0.18414319815796854,0.7713446388220198,0.5368620559355664
1030,7,0.7700197985637578,0.4349999125932177,0.8024782950323147,0.9530403348289582
1030,8,0.36235963818895234,0.7918653439597537,0.7830707003973709,0.2257464593942633
1030,9,0.6144447182666037,0.15765991929910106,0.44966758577997434,0.6273265589724745
1031,0,0.6925669144597235,0.9504902271721939,0.9769601655567905,0.4538809602318492
1031,1,0.6621546713394848,0.6781811504163169,0.7261374382600323,0.36651576195127744
1031,2,0.19846201406196495,0.7099372449489469,0.435110653744629,0.8654013852871382
1031,3,0.054198120889605184,0.2936132355638622,0.7127083187285931,0.8154279884234723
1031,4,0.8531001656263156,0.008844179696357424,0.3058873125254853,0.6201986793946114
1031,5,0.2221002501158591,0.156018818607653,0.37696809341070325,0.12110147357404244
1031,6,0.2863522343727719,0.9325051034169138,0.6154248129063942,0.2616153418228814
1031,7,0.08735528810137583,0.3799497044579252,0.7226633018423881,0.3334662035850081
1031,8,0.8996937633261901,0.19850030846134858,0.24049980677645655,0.6629715067723132
1031,9,0.005396579935706525,0.3851702581864398,0.13978151877753786,0.11776592199144809
1032,0,0.8777400062947894,0.23469043211523566,0.083845996940624,0.9083836854176048
1032,1,0.9964916454880238,0.7134085894998667,0.14593554422132127,0.7414319078645215
1032,2,0.601456426559781,0.359752674213504,0.7547779460564736,0.5547870208680892
1032,3,0.03416784287686769,0.24828871751086679,0.6426645060183024,0.21606792035360667
1032,4,0.7436908280790011,0.7283965711626242,0.12187613096298577,0.7109844457407125
1032,5,0.5015432918574255,0.46472607527939613,0.8971402888034516,0.18132241326162535
1032,6,0.046395340218647885,0.4793947397369487,0.9502492646979377,0.8847089965537658
1032,7,0.9474572513518636,0.5181742278271383,0.7250502801660945,0.8006650994690345
1032,8,0.4207571130457981,0.7319655971682959,0.2723389725492341,0.12670254128195657
1032,9,0.08916565779871133,0.8891952360521158,0.9337192337949128,0.33040384956689206
1033,0,0.8281381271309198,0.8729975052197521,0.10336971783164473,0.279333714834647
1033,1,0.9206617489745536,0.6256777446445884,0.6520334614531916,0.5194814893601165
1033,2,0.5553087271057408,0.8858381553525733,0.8289716350944893,0.6801996363022382
1033,3,0.6050338379969552,0.28807455339296384,0.6393860202145086,0.7508915780880145
1033,4,0.39688733660203745,0.212342878437615,0.288191734294733,0.3048466127416124
1033,5,0.5420799356153053,0.5746620364039323,0.8182058298753407,0.06300026125953584
1033,6,0.18126762207350733,0.3751402899696704,0.34132765059187775,0.11756058061880736
1033,7,0.04137813473529395,0.5507009827601346,0.8072648539306763,0.8715744825831717
1033,8,0.14144891394437697,0.9515702993601405,0.40896352730260077,0.046307656243784856
1033,9,0.6663934630926376,0.9043501391877036,0.663061113270443,0.6358973106248738
1034,0,0.9802613401798396,0.16110477522430666,0.9812034007314281,0.06073871152707744
1034,1,0.07757610731976883,0.9207243078591067,0.47765632801515945,0.5667410075061384
1034,2,0.843653013059888,0.14091524017992307,0.707047541565691,0.23046211977374176
1034,3,0.08774590120532566,0.1565673595494521,0.35671781532722435,0.3887504431630543
1034,4,0.5124163773657229,0.6786911004815531,0.4692507642036512,0.6369897568833188
1034,5,0.9079073238312764,0.9541226131182456,0.827721773405727,0.40897742178498886
1034,6,0.29128313708348397,0.8669749709994897,0.6826680269575545,0.23478242261320525
1034,7,0.10093248728804682,0.7131123329703073,0.5643066738525452,0.8652730372354012
1034,8,0.9630640370894399,0.234691368450188,0.8425119979029466,0.34130663757068824
1034,9,0.8847034314272385,0.31920837343121233,0.9826341319887737,0.3853215895119617
1035,0,0.31989047587780295,0.38013376803602983,0.6987751893983764,0.8923426562684889
1035,1,0.7893963847752552,0.9434510393502987,0.1388088883872679,0.8071405961849341
1035,2,0.5204719727644656,0.00511456442206859,0.9351849797815242,0.5617174423444385
1035,3,0.8729796828359435,0.488571883113499,0.9273319193290963,0.12869360736139335
1035,4,0.7301274612250201,0.23330252617249136,0.8667024979539719,0.8354736355460458
1035,5,0.759934225219656,0.31554185568739135,0.10325979632596216,0.9653827104627403
1035,6,0.2586106455610767,0.5338253540520909,0.9362928016149827,0.28180178633196273
1035,7,0.0413947158394945,0.8414639962120328,0.554796889021276,0.4457313293351083
1035,8,0.38093889004989223,0.26995069419147877,0.06489687883626716,0.9820838699893459
1035,9,0.2889762737768503,0.670219997979239,0.8601774331233538,0.6294033294097966
1036,0,0.29405814487841964,0.8009220031097234,0.1944417455072328,0.24139474512531311
1036,1,0.49668393035365077,0.04123276639658857,0.2382510253281256,0.387983299806963
1036,2,0.2698108360398881,0.3714267459507229,0.987969651431146,0.4008513453278054
1036,3,0.11159316290429866,0.7980718481477984,0.03105143732767246,0.09261184035773617
1036,4,0.6680320719209206,0.9904413048108283,0.7713643655771898,0.6420934973074381
1036,5,0.5416723056491158,0.5254801989114631,0.7162560024280591,0.20231967374725657
1036,6,0.6793472371875924,0.8468690649291757,0.95472681794914,0.9022234408482922
1036,7,0.04455770589902941,0.322821494060487,0.31978609409946324,0.5132607474175808
1036,8,0.5070307091788577,0.030604746088462864,0.7109778542823628,0.7196102677063574
1036,9,0.477754928667112,0.326970432218045,0.5471263895634947,0.1937707681774652
1037,0,0.3223334228146,0.3090588860121162,0.5549261542497194,0.3104023434996678
1037,1,0.6090307209028004,0.45470527966825314,0.44142628452574617,0.04384265629118833
1037,2,0.5793390393142146,0.7558095158013634,0.7210263355377869,0.9870436171001535
1037,3,0.8993242544459399,0.848074446287653,0.3496544581358151,0.6765807481967212
1037,4,0.32178477608652345,0.31841760843090106,0.8104013002581191,0.827387121833691
1037,5,0.43660172617758164,0.8192742948086484,0.07802359175693785,0.9864186751459202
1037,6,0.9185255752505556,0.999256931573086,0.0943023026687313,0.7684868213003914
1037,7,0.5376892575427781,0.9560129460050494,0.47419914547979225,0.9373488718300426
1037,8,0.42034549453567827,0.22064962589759296,0.8785512708542023,0.44429704943484494
1037,9,0.7265943344165108,0.9586631273050829,0.7901985452552895,0.3275211152476376
1038,0,0.3267564693109284,0.09852112885241493,0.7104792129126336,0.8161242879901145
1038,1,0.3937282693246946,0.3822258658639762,0.3401769778535806,0.8650975201248899
1038,2,0.5572457690492438,0.6229255903290449,0.07206521777217989,0.026529818359011914
1038,3,0.7499197554294541,0.9402291975805556,0.7819325246806237,0.7626834256220791
1038,4,0.8735119029397885,0.18677855424273815,0.808653751726621,0.4813225466512112
1038,5,0.5900270498906914,0.4060940355210131,0.5659624042172561,0.5489935291354084
1038,6,0.1469122525897667,0.6502819810355946,0.7651455249305772,0.2018363645059894
1038,7,0.22135620174480442,0.13372024577850183,0.27495391501361055,0.8093718912186865
1038,8,0.7768214053654382,0.3327024017581678,0.4687795114490412,0.12648040936734717
1038,9,0.1358233372667682,0.31165682345950296,0.014317775773512453,0.6877024126183116
1039,0,0.8693228886742057,0.4806210943728605,0.9209447906198042,0.06544724677362035
1039,1,0.5538944175707289,0.7618406301378642,0.1614477747279981,0.483139120732088
1039,2,0.6987010784214938,0.8856604101756358,0.8633630012558247,0.80098855105634
1039,3,0.6680166150678746,0.6624958418216884,0.26860585918310054,0.22006964470517332
1039,4,0.7607995639605151,0.493516526870478,0.9447572292250468,0.26161980725616096
1039,5,0.3320836598354252,0.6205360666700394,0.5312739221669168,0.719586535763593
1039,6,0.13559709265563902,0.620705570744487,0.1024609805873613,0.11261951819921245
1039,7,0.5968107134775591,0.28103135939535906,0.07159013781178158,0.46881478992362313
1039,8,0.44012644942142987,0.23701746439685167,0.4861975583755821,0.7589880178032004
1039,9,0.7997407978195009,0.8501415856674817,0.5746841580202836,0.6686049917556066
1040,0,0.8301902581714707,0.7817756212546448,0.6413531656311117,0.5129588543584609
1040,1,0.7116631540352456,0.6823517822383572,0.28274173645874245,0.729613480607523
1040,2,0.20732599419768016,0.8304154352558113,0.35953831758058574,0.10528412199231352
1040,3,0.8302969622876846,0.39992528398734895,0.5732030421452617,0.7000673159257025
1040,4,0.5051931128421189,0.7353643730232627,0.5749744259426743,0.0015539046482726526
1040,5,0.5882435680395142,0.3970917955783183,0.6144498880048106,0.7589232347889552
1040,6,0.890747987278029,0.5081997791435727,0.22228995279583463,0.9579317459903822
1040,7,0.06356952319750742,0.03884536459201604,0.7422507643619118,0.3917223349703477
1040,8,0.5342535315885455,0.17570629686311556,0.21656777766109714,0.6399544624132487
1040,9,0.4600970959230932,0.4635419013343246,0.8813684181635137,0.8723647561868573
1041,0,0.901455399785464,0.4016238873180531,0.32527989711980254,0.10287786635883966
1041,1,0.8838551885383381,0.44329280090247514,0.0680877109990412,0.8190600655169153
1041,2,0.6635471680864851,0.5011969129093878,0.8291608300188956,0.5577821015236495
1041,3,0.8662336008052542,0.7041022222790664,0.838504508925865,0.6015238723422175
1041,4,0.9035265683604613,0.2718882862617632,0.6015709769313934,0.9667244209278477
1041,5,0.7270568893919735,0.7663054680823286,0.6468561265259664,0.9876480514244255
1041,6,0.22337380389036265,0.888478148052759,0.10637062880124493,0.7298320511938037
1041,7,0.6824154536086074,0.40877985082511437,0.8787625633205943,0.12982594254258273
1041,8,0.6229283372507824,0.3210785346826893,0.8790586726340072,0.4698601011135516
1041,9,0.5623462699415973,0.7692362920344079,0.17867486903402297,0.5460290254934029
1042,0,0.35740848182547613,0.3722086588402713,0.8634654530453802,0.16788882046081977
1042,1,0.5760036623419533,0.7470918922839695,0.19397945465266941,0.5143433978484777
1042,2,0.18460735131746597,0.5846056461908045,0.10064515530255158,0.784289178803198
1042,3,0.534772344678453,0.6024921685666245,0.4440628855200257,0.8121216561135048
1042,4,0.26416365959286536,0.014664780272794942,0.907123406982251,0.6793441221372488
1042,5,0.23165897078905273,0.8893748788456121,0.2664825552029144,0.50577931565073
1042,6,0.8956410428753634,0.06854605339665387,0.3281985065090993,0.6859889929284172
1042,7,0.4040465109981499,0.8493673342838365,0.7215530932134411,0.8520643556579636
1042,8,0.9792674247896633,0.5572257779087793,0.40166932087237217,0.7750861435554296
1042,9,0.317118137020977,0.5999994696383857,0.2113121136952657,0.43823073319898265
1043,0,0.16732659625669366,0.10206414998678148,0.9708447241038369,0.037433527707161796
1043,1,0.3982148367147099,0.8658786248484854,0.7863044481951023,0.7489874969790972
1043,2,0.14227894879829583,0.590193175054768,0.9660646568105076,0.7393205811809916
1043,3,0.30331617366841546,0.8345651514594481,0.6592999423660051,0.10961827344986308
1043,4,0.37507632756074805,0.7374643870697603,0.16348731980992504,0.26175287772306943
1043,5,0.20459236392459046,0.830770712090177,0.7052824899383073,0.3389348042161029
1043,6,0.5050774445070396,0.2566524552796833,0.69777957426641,0.3422067337760297
1043,7,0.2220338561076951,0.25055650207090785,0.496516547737769,0.046339773090761205
1043,8,0.574180141526077,0.19680746535514393,0.34617481375687764,0.6831962011659376
1043,9,0.5611498882046422,0.9700655646331947,0.38402982413085807,0.19422914237300293
1044,0,0.012370483313535297,0.8584676030554309,0.683535723305329,0.28796157149893986
1044,1,0.03206003271020763,0.9244756037626909,0.10330679363277351,0.12435179364478521
1044,2,0.7793851373793039,0.7937099676254391,0.601119471852736,0.6958111665306733
1044,3,0.6561651270513386,0.6504239680028882,0.015500249682063316,0.3963350690946279
1044,4,0.6570609121973267,0.33577540926598437,0.24726124981424957,0.04968537198173517
1044,5,0.44481956855790905,0.47591873865206413,0.7547216561567729,0.33381184161305755
1044,6,0.5716380107504899,0.6353525676588194,0.5262153129156217,0.15298800200209683
1044,7,0.6292487298072945,0.7976091521784275,0.1653505526769281,0.20895404824284214
1044,8,0.0048091395148561755,0.6483606389314408,0.3909417657918688,0.2802544054282087
1044,9,0.758901550470153,0.24977208578337473,0.7589171883488105,0.5797300280181361
1045,0,0.8484759146140544,0.30238252557709266,0.031245996373434948,0.5359163582326201
1045,1,0.719430300975364,0.5592007292573183,0.4800883476042376,0.7379135173356913
1045,2,0.7545510106767462,0.5481189427462368,0.09835390966340163,0.6299070559381709
1045,3,0.3498365080414926,0.1084441358955408,0.2505313030678782,0.43748396387518296
1045,4,0.09036869598114738,0.5974398831860529,0.37629414741229983,0.2851255072133939
1045,5,0.3509387495845766,0.7323139764149966,0.6138437329089599,0.517645345673563
1045,6,0.018170584061012907,0.981738956093813,0.14259189865229183,0.394694274186854
1045,7,0.7285411297440518,0.5765637009032042,0.12460736522723892,0.34402871247273203
1045,8,0.803946822901736,0.46178126219706495,0.23065036817928564,0.48137607761262613
1045,9,0.033348151468663545,0.8253946188792605,0.9401646228198609,0.5303004638432879
1046,0,0.08791325428052832,0.8132930725075128,0.8871184070619467,0.73585752734063
1046,1,0.6549708651349736,0.46849038275439814,0.7998294516076295,0.2880362035912307
1046,2,0.31230626216017676,0.42266887405059117,0.06467533459146113,0.050429200138069175
1046,3,0.10814732878343714,0.8701958198871355,0.7758164282801728,0.2515180841775251
1046,4,0.6555963049165787,0.8607038053125557,0.28798229939861264,0.7370507266497831
1046,5,0.2622942272191858,0.5677648731554716,0.46141649341195234,0.8320268107108784
1046,6,0.3369013234913294,0.16194614566800414,0.9259604850613797,0.7424580402996533
1046,7,0.8526898603798269,0.31619944785368836,0.25260413228825707,0.25361053652660603
1046,8,0.5593409961595387,0.3129525069772302,0.022320421882469854,0.8293411092590208
1046,9,0.42809447334091555,0.1707798340744311,0.5708060787945566,0.7144570783036769
1047,0,0.5533631933237504,0.42503734953287076,0.1231112964899711,0.09577875402093061
1047,1,0.329218240754939,0.5713204140643264,0.8792569847699843,0.024794680032535155
1047,2,0.7836155223037236,0.2703372645489672,0.29325890402309485,0.6388625118776609
1047,3,0.04743429381639008,0.6949169397637792,0.32584584587343157,0.2780985381012704
1047,4,0.8862767488957484,0.3837201404731032,0.4452800506649245,0.6557665507458553
1047,5,0.7670281477536786,0.8368932529420073,0.699431567014938,0.43806302868252667
1047,6,0.889921222247055,0.08446496082575983,0.5758706321584179,0.4754857531350444
1047,7,0.38464032726851705,0.9933881840061414,0.5664477870174318,0.07266328894873875
1047,8,0.5051494236833103,0.3454101830002858,0.2793101720963508,0.5721377925952419
1047,9,0.646515688183514,0.3522617108584333,0.10196652145651564,0.4214122550384456
1048,0,0.7282118161033494,0.11846198745287195,0.4320754439022211,0.16641916115412925
1048,1,0.9415105408457374,0.21824124178581628,0.514487009313433,0.43360900873483976
1048,2,0.7171404063007347,0.10011712847635179,0.3661492031169957,0.28650761820124826
1048,3,0.025400734704385308,0.022707542552791615,0.06335380190644402,0.7250690252035396
1048,4,0.38577512390011504,0.33390080388529697,0.15624556800556133,0.2997755164097645
1048,5,0.09692207468892633,0.8641698281633875,0.7782270387594937,0.666322737541428
1048,6,0.8897302738779649,0.7984109271864873,0.8209766225779525,0.6674015059819012
1048,7,0.970521155578919,0.7123302126496012,0.9322159040448182,0.7763112579195804
1048,8,0.4478056280247824,0.666192442090085,0.8287728139899063,0.8121397325586055
1048,9,0.6393920938985297,0.3524401097167448,0.6047579653625322,0.6391982430909482
1049,0,0.25817435373088093,0.5470130843598865,0.39814751257871805,0.7096509796764999
1049,1,0.7777072529582892,0.7296260805772238,0.17256260237822407,0.6722896357115388
1049,2,0.42476533093264657,0.5259475902043388,0.04594748915204938,0.7456698878258574
1049,3,0.45798636631325884,0.9204970400267487,0.848613152536004,0.4032092279546683
1049,4,0.7527845460494273,0.3293786315787871,0.5838159750637115,0.44150294831781534
1049,5,0.6355220167965582,0.4719494253690152,0.13336509144386033,0.7585985870792563
1049,6,0.8291219553408709,0.29499983923971906,0.5072823639878433,0.965064720279611
1049,7,0.4196434357034974,0.6346240910988602,0.719674183266366,0.6934496131484935
1049,8,0.2602147792099091,0.6016086526035479,0.8131191895215659,0.25584642640511857
1049,9,0.07282850740628288,0.8044421627616118,0.9414728695442159,0.10614346284157616
1050,0,0.4995286730916493,0.29790771146924966,0.1707153363469106,0.8267150344687079
1050,1,0.9960338992998964,0.08524803787522328,0.8236355799414321,0.14518803475230713
1050,2,0.29344936419767587,0.7785363846686401,0.3725668811287487,0.8247356043228318
1050,3,0.9055797634758123,0.34514141626790673,0.4901765203758951,0.408357321025706
1050,4,0.2612528476927757,0.2160103854965616,0.0934882513652362,0.9333527553014761
1050,5,0.2162879095496535,0.8363641726344385,0.6615612833426526,0.7718590309020136
1050,6,0.3304920383544008,0.7085319889281301,0.21201760523995017,0.31410430161572345
1050,7,0.8242822114098372,0.27494222409172897,0.3504668921249253,0.49809431412050154
1050,8,0.30847487471818136,0.017727145868618233,0.4303161314485088,0.9383510118224989
1050,9,0.23038837924216982,0.3440567875853089,0.12387817954283342,0.1416825716526955
1051,0,0.7710835121326723,0.19878460793359587,0.06718884886538401,0.39777519119034643
1051,1,0.1948495256392323,0.18877287615761662,0.1188062411448988,0.9065251076482074
1051,2,0.7161276186681235,0.5082832085203145,0.0314525839562686,0.2570586063456496
1051,3,0.5928961199650321,0.8763567190263909,0.9118789896830882,0.6223959392060383
1051,4,0.8677863561518495,0.10167823221019467,0.6865746692282411,0.6867172399007543
1051,5,0.5667172211669517,0.3034871682560738,0.043047051754843246,0.6977227655201581
1051,6,0.02917934656110066,0.7848789914140745,0.7835697705669734,0.49638742052755924
1051,7,0.04613241426201409,0.5307974072866672,0.36065871012777184,0.8611988290546012
1051,8,0.7955596629477127,0.8988596488794118,0.3549338245556626,0.7229991466755276
1051,9,0.23975984914101744,0.00882105917677023,0.8821306088619112,0.8881394682884568
1052,0,0.2816912177118076,0.4817059508667586,0.6537834954538634,0.7071610327160588
1052,1,0.4163656064693322,0.933344203968658,0.35582744036172,0.17343139761797255
1052,2,0.8923346071288394,0.15472498844138893,0.3425515201056537,0.13349206416205772
1052,3,0.5104388510250407,0.00127997650250955,0.5593778364735622,0.5237914308393298
1052,4,0.1807521772706856,0.2461530802465164,0.6894054359906722,0.09511696112880796
1052,5,0.40469876880867284,0.42099958095017387,0.3365987942880959,0.724952824353007
1052,6,0.2223262247108122,0.8915545766244253,0.5487237769902802,0.9973833148672221
1052,7,0.18104720359399795,0.04444724948178924,0.6525376155921087,0.6758467185114272
1052,8,0.9654744076990192,0.5178539072944882,0.7563989129470274,0.595648064452465
1052,9,0.5592782180085826,0.6153264934504065,0.48058707909748666,0.5340401326630748
1053,0,0.8453050188932245,0.30617772754178196,0.5955583536819556,0.8229236135749766
1053,1,0.8283907108694021,0.1384233593097992,0.049853721347217106,0.09858023093066337
1053,2,0.8004249714485654,0.3349446777114965,0.12288623542419652,0.1155198828879227
1053,3,0.6160200025335585,0.7051098260124004,0.3842712464493466,0.03325309279592947
1053,4,0.9262644469198671,0.1553646819522715,0.9084731335366947,0.6398411602628844
1053,5,0.7990264219305638,0.9731820068994854,0.11502643677301971,0.49546770058237444
1053,6,0.6186006022984947,0.5582268155906276,0.47910796422656066,0.12112291603513736
1053,7,0.5112794235534948,0.023943609778033226,0.8300011307334827,0.38154363155688886
1053,8,0.5728073943492691,0.4055634461528408,0.41394104629628115,0.8657509532179976
1053,9,0.9916628334067928,0.5195012201124345,0.3110307026939617,0.9498298275288088
1054,0,0.026365151463696,0.8054412122821099,0.44676883420766533,0.42187518218126707
1054,1,0.4811583861867881,0.7322337087267015,0.5227041536532429,0.08603478343044146
1054,2,0.3982525911424738,0.15905051711058504,0.42618704708010613,0.22202754790199952
1054,3,0.8459105571694399,0.9630533328874209,0.6860389468287074,0.5157497297016868
1054,4,0.3289688000420493,0.301934857928274,0.7543097569463124,0.18867215535123394
1054,5,0.3197510438551082,0.3854090070341951,0.011050774114420459,0.8114375108173161
1054,6,0.9956193136420189,0.41838956816184014,0.48186080888235006,0.4449366738525322
1054,7,0.8503753614852613,0.7797956570794736,0.9249842592375819,0.285707997168682
1054,8,0.6728989648222978,0.5335192602784469,0.05882078637461585,0.5201252063399988
1054,9,0.25724180529014307,0.9143983437704652,0.8164301553673277,0.1619592561338643
1055,0,0.797631937884296,0.09013176044933668,0.04081274769593557,0.037408367300020506
1055,1,0.5833569987706814,0.40090317876173476,0.11968624918820714,0.7224419552863331
1055,2,0.0006893236864895513,0.3686571025565315,0.9873938557226861,0.8147164426550491
1055,3,0.2576551965385234,0.4577038111181543,0.9068744804928793,0.35488771913914297
1055,4,0.42902054770417286,0.046627082715450574,0.49033466042819607,0.233420587317979
1055,5,0.4691386779069737,0.09541588461260797,0.2941230203638775,0.5161678385101681
1055,6,0.7442204247502424,0.8389448204837157,0.8117547999016945,0.8836909837360422
1055,7,0.5178210748021969,0.9094101788039457,0.25511941339880384,0.033600042886782866
1055,8,0.638445408391564,0.5443505859294322,0.2766869797434023,0.3777380952790088
1055,9,0.05067253283642803,0.4957879870272124,0.1826943250491746,0.6834026895864128
1056,0,0.9217821291347106,0.12261740564362644,0.7875785058577427,0.7175636507429022
1056,1,0.46057058692831243,0.5846913324250498,0.9276433710035593,0.7899915410535576
1056,2,0.7457622415193609,0.7891099276511888,0.7484637387965594,0.40034495787976576
1056,3,0.2832325548316905,0.3223588876960434,0.024296773680082873,0.061027622001843085
1056,4,0.5857894976108659,0.5072414962816301,0.12500000001488454,0.1994328076020907
1056,5,0.45671590003436846,0.5310089968387852,0.9499761453361649,0.04248165753192168
1056,6,0.2071322325077547,0.24872555546552166,0.5903497345749057,0.6433156944159841
1056,7,0.6289434630759152,0.08737199393173611,0.1462290942070612,0.3511249904257707
1056,8,0.5153889521208677,0.58872912429137,0.2587480628543479,0.13401904278759058
1056,9,0.8789056507520334,0.5120806395712412,0.027618878257981483,0.4261696948411968
1057,0,0.39908091534004153,0.4895012898611679,0.05601214016426814,0.20803577737377632
1057,1,0.32687524683974367,0.1732869856277406,0.19491147322787572,0.43563571796905276
1057,2,0.3756401050940301,0.7310155987173563,0.9996062991622269,0.6714747027013004
1057,3,0.903096997790845,0.5413840171222394,0.07263657841284321,0.11293839230556557
1057,4,0.01415760983467218,0.1682179539137848,0.3450321804077813,0.5267415556149199
1057,5,0.9091342920361836,0.7626535674460145,0.6576712242208475,0.8664271522841234
1057,6,0.2587631874074362,0.8826044762014402,0.24627492085677205,0.0678933633740556
1057,7,0.4000577707377806,0.3854515128898166,0.5344180471227157,0.7178850248024408
1057,8,0.13555964970736412,0.7597940115122368,0.05781945010676315,0.9261594965993016
1057,9,0.5824567137747683,0.0626440389401306,0.18071346437474922,0.9459676998079888
1058,0,0.04372506146138666,0.1582078794976557,0.5503516198659604,0.2749018407188659
1058,1,0.4748759630897501,0.7899222749686634,0.773543345686862,0.29631237051550985
1058,2,0.485745712765576,0.8892262415584421,0.6812133916810802,0.35180833332238215
1058,3,0.3484887136371766,0.3910437759971379,0.06935153428732499,0.1463342768007433
1058,4,0.0027448812186056104,0.7790359684969416,0.0847681842329866,0.4724254129500536
1058,5,0.9135328048772531,0.21841881686151332,0.20126908818250344,0.8863686853336075
1058,6,0.8741110360904617,0.1978987721888842,0.07045340017701252,0.44064234821470005
1058,7,0.5863103782889775,0.7595365866476697,0.3859991736796148,0.539943864577729
1058,8,0.622549548328772,0.6538306260661413,0.5520463992522611,0.7536342813908796
1058,9,0.6736048262397064,0.365286927224052,0.11371753722318334,0.2782911503054898
1059,0,0.45071941652372904,0.32602114616129374,0.007149684370572729,0.49436546803791925
1059,1,0.4328778257699022,0.31375129986761285,0.9189242831451695,0.5315081347957976
1059,2,0.5896013977021568,0.9457757130718281,0.1378078636572636,0.07325625884683529
1059,3,0.7386092997793385,0.07897026122452067,0.6843022649205669,0.42756597001788677
1059,4,0.4859812595870351,0.5132085334256102,0.5397487357130762,0.8954882752587267
1059,5,0.8578430167894466,0.4233175341269768,0.29407626060435144,0.6263505045738861
1059,6,0.2429219270819617,0.9179567408288958,0.17584577680927715,0.37811077288469985
1059,7,0.526837326066007,0.15606065887753084,0.861576592021575,0.05474492269211628
1059,8,0.5534289995353866,0.05910601488100786,0.6434495756069469,0.7342732415897867
1059,9,0.6165972816060279,0.23350475893279576,0.24977846335433362,0.6269105212007675
1060,0,0.9845042964653733,0.08682562888663004,0.8694638980430227,0.9491859733654066
1060,1,0.9250646896995482,0.44397314885586103,0.5986062821216951,0.35837730540668467
1060,2,0.23325049255758845,0.09597512363689431,0.9768842072208259,0.4043713921233004
1060,3,0.3174134747220966,0.9922826898389683,0.8946448970066229,0.3607276863256865
1060,4,0.5404562986715017,0.9909153975280619,0.5693330547065425,0.26107365132243576
1060,5,0.8697029282856324,0.27905921589350813,0.15156814708368338,0.577137968661409
1060,6,0.6986616843289298,0.5690046189164337,0.9363057483324894,0.021710276777430315
1060,7,0.8391386173566934,0.9672659901491061,0.3393181080912332,0.8248818011874673
1060,8,0.47814188184735085,0.8526738028311783,0.6436572492438125,0.8680246656728933
1060,9,0.48961136907839975,0.257179909604468,0.9473374412629801,0.5819218929293667
1061,0,0.615547577844487,0.5496217494649109,0.23312974750403748,0.535216980871878
1061,1,0.2975671792648712,0.2491476307841728,0.4159845785882078,0.26583600202386304
1061,2,0.184458738331428,0.5418512477289472,0.2962117720348423,0.33457243531749126
1061,3,0.4047773011807172,0.20941302507059845,0.00841907502824113,0.1976272129199378
1061,4,0.08852854122972664,0.05879420391840373,0.2981149963395153,0.9952501577710281
1061,5,0.7483642523745045,0.7990163175569039,0.7195441358295902,0.6194686761805074
1061,6,0.4878097575692837,0.8767011724088476,0.25985166647598645,0.3632041673487867
1061,7,0.9757435347774212,0.08540925286035106,0.053392166599803836,0.46821961337957874
1061,8,0.05040473078941898,0.45040477836929704,0.8448341230590771,0.184151046909093
1061,9,0.3896667702584995,0.06587690804552815,0.3932591197198049,0.6879062231506509
1062,0,0.6532155694090802,0.17431622899080512,0.03468627787726608,0.2555027011650104
1062,1,0.7642870882196443,0.355251382212048,0.4796019708794651,0.7572938839826253
1062,2,0.9059357851072272,0.03403722602905612,0.5152471235148119,0.32412595645418785
1062,3,0.9933055056995839,0.09875019540364871,0.11698686573112083,0.7231158694970908
1062,4,0.765323688137064,0.32493837462228725,0.7487177734076037,0.0909008209370824
1062,5,0.3068578679596162,0.003930355694789278,0.23006183974558558,0.3946732778030856
1062,6,0.22844870291786123,0.3897692630148718,0.9320078752506863,0.42558893117855756
1062,7,0.67035200597038,0.6719250377228019,0.16356333394428813,0.9664273536412967
1062,8,0.057146488344095525,0.7949254349170898,0.48586425153630053,0.04068964981680512
1062,9,0.4093171428650234,0.48281704485518595,0.808126403149174,0.1959583989994802
1063,0,0.9621902821641828,0.8033531546466292,0.12812620603396385,0.034063684709816244
1063,1,0.29850434064507014,0.9528484797301662,0.30194957841976044,0.8658478885590486
1063,2,0.45445508224177045,0.6043324273754818,0.07013672159829976,0.5876709124599326
1063,3,0.8639642123438833,0.07694696910792465,0.0064427628560328465,0.08500762370287585
1063,4,0.8488587954425509,0.9801241758175026,0.4862743347894317,0.7746397835349725
1063,5,0.20715007584925504,0.7229504798473213,0.6580435698334854,0.2786443263854056
1063,6,0.695628936537595,0.8025625836521763,0.3887307238107699,0.5127724627796026
1063,7,0.9628296617525786,0.48733616709753924,0.7250777713585348,0.26861790544368125
1063,8,0.14667959347852455,0.28913093319324024,0.8297195919981869,0.5349864773201666
1063,9,0.9416748135412125,0.10550590599743748,0.9296670392067528,0.8497912934862132
1064,0,0.25806389162558085,0.4314168084900729,0.18258160993527894,0.40311550884244807
1064,1,0.14261705121607737,0.061531637753626134,0.6198977962196902,0.2473563777887614
1064,2,0.11757815492856238,0.2691527597863357,0.21407690775645782,0.32934782897459014
1064,3,0.26980455517268587,0.3706812338286213,0.6681646059798476,0.24232697320514407
1064,4,0.3861692831656406,0.1427601318302255,0.37806420691061626,0.842706164792785
1064,5,0.7148516777694203,0.8748697430805404,0.7933591551683139,0.10367341660534457
1064,6,0.7198549912955022,0.6154184887427123,0.1745219404344065,0.09387399572800736
1064,7,0.9730011566910325,0.6529076987812525,0.5917675226804595,0.20224804030402743
1064,8,0.5410086078355125,0.22741962144232963,0.9705229420256576,0.5753091605950282
1064,9,0.40808332687152027,0.9603946121890778,0.6687836769557143,0.30767861683385467
1065,0,0.9977907258839728,0.20339748552239356,0.024594011760481815,0.7863224270362967
1065,1,0.8458185545130503,0.7039229960444813,0.32349779315900873,0.345356145697136
1065,2,0.4884873669163371,0.09285723060600715,0.8390312341954789,0.8555319984246275
1065,3,0.442805672806978,0.8022946587253983,0.21190252554597222,0.8530817673683136
1065,4,0.24905737426843277,0.9962175463614555,0.23753758892258936,0.10815065990249406
1065,5,0.2368182837699907,0.5435566298709135,0.8065634240529658,0.6193485793602422
1065,6,0.8015941376054955,0.7497167236788754,0.014027705032835902,0.055285092092914434
1065,7,0.5093547283528262,0.6311874720576792,0.6249184733784587,0.6376756872106872
1065,8,0.7114965452598597,0.3843467219143234,0.31023052903537107,0.9860691467061671
1065,9,0.04391729304633185,0.8790889090580472,0.2382611413571879,0.15576399322744983
1066,0,0.41586157911403077,0.6628774855635522,0.8709360978030323,0.4650539051320258
1066,1,0.026853620815593504,0.3632982232854437,0.1544164401009781,0.8104119255729798
1066,2,0.7938100905996243,0.7130025678145555,0.4855327299451667,0.21693685277135244
1066,3,0.4746881851281839,0.7777462687791095,0.955091489902636,0.5251045950009495
1066,4,0.45499229899251503,0.9975242230541856,0.3183231648067869,0.9359498076718077
1066,5,0.4668357952944733,0.8299942961372015,0.07255718903797581,0.8126281283490637
1066,6,0.5526081983111585,0.8576568383304676,0.34760096821492636,0.5427509060061234
1066,7,0.36051135765473885,0.4253846392926788,0.9744590384469243,0.6087670474268284
1066,8,0.5849000230803953,0.6607836552755741,0.31203408897158913,0.9024976620522779
1066,9,0.8268638456789852,0.6800080308672016,0.12804936753157203,0.5037116483764609
1067,0,0.9215442675747503,0.9527627375765555,0.9324711805058672,0.4101258207472891
1067,1,0.005060990549120015,0.5730430361749685,0.15203078265260106,0.9954717793682389
1067,2,0.5321645879692106,0.3664739183546545,0.44209925230892855,0.9033283062643453
1067,3,0.6771994714168966,0.646922547887695,0.2037768404371455,0.3198243157973254
1067,4,0.8073528308931607,0.2517335955866611,0.6496749416363479,0.5059480222302658
1067,5,0.8402862117718335,0.19419489310957472,0.37780879925041355,0.40846145761259856
1067,6,0.45092570170691026,0.12780864763050237,0.9815837875784139,0.23656927010512274
1067,7,0.547275503612661,0.38590111592250076,0.10521479754317864,0.46551787087213103
1067,8,0.563275687418024,0.27152027142931723,0.884718976491393,0.28616961374401406
1067,9,0.5786405599233054,0.608944749172939,0.47420145748252107,0.6344507422868272
1068,0,0.8141358851172981,0.7676259902783829,0.6607680597554846,0.9941051034418211
1068,1,0.16827060172585573,0.5153817749727259,0.6800859532700367,0.700628265294958
1068,2,0.24764012628637355,0.1468419225119345,0.4689127479964029,0.3762804952415344
1068,3,0.7875063832460666,0.7840681291993978,0.10714677798430872,0.7579596500631401
1068,4,0.937123022691035,0.8141051689956252,0.8919351266105121,0.8663114581359479
1068,5,0.62706365259737,0.4447583700135407,0.5135242671430739,0.5417407668448501
1068,6,0.7685495510679168,0.8430146640393349,0.20678128515868255,0.6776252766429529
1068,7,0.1527273831436805,0.6340191702098594,0.9306797333150474,0.02594470842667762
1068,8,0.9896720819985725,0.4735341662262702,0.7978344125795538,0.26048763280139453
1068,9,0.7956657079476933,0.9676494262055008,0.23794389471973387,0.022760019772894657
1069,0,0.9949053790282131,0.9223039432967306,0.8740598677954634,0.044794016709121864
1069,1,0.15838603883956026,0.24867766922748824,0.3491939505331084,0.21656744717552956
1069,2,0.8259739565092834,0.5881437876351906,0.7964086630532247,0.6469628263365462
1069,3,0.7590551051204404,0.003098074577023602,0.6168425335510547,0.04421858953340574
1069,4,0.3490481929499921,0.2706036325227883,0.7460566968119499,0.5283605047325283
1069,5,0.36256211233646873,0.7130306130863674,0.1099848175353747,0.027670625511433844
1069,6,0.15387038927199947,0.5196991145837393,0.5222129356603193,0.3830198435308766
1069,7,0.7136505069737592,0.9571118155457489,0.9278394245516779,0.6793966028171666
1069,8,0.9322128501660291,0.7424860303809936,0.5813947623878984,0.1111032306404468
1069,9,0.7049923208944605,0.3317403805583269,0.9115178543566093,0.3597569267699592
1070,0,0.22373198744151213,0.9766875763219836,0.26961044098181364,0.7351320008800547
1070,1,0.09737545880247866,0.6381624385193505,0.7407305589679418,0.5113329095069346
1070,2,0.6949006363305359,0.44568433431168886,0.08545143476811823,0.036035454544691814
1070,3,0.13257060906881935,0.8147766871385708,0.6032878114548403,0.9849847161951909
1070,4,0.9299038492400766,0.725321415350708,0.26990461830495305,0.9844288868280602
1070,5,0.40543942068926175,0.055733901435567,0.0792828647542525,0.044522752635489105
1070,6,0.18867005274371773,0.8738052939952133,0.8799806009511083,0.008259353020572013
1070,7,0.9353044677205037,0.9440212843688152,0.7993543418064447,0.9809191003933313
1070,8,0.9399765198653772,0.12215801774956336,0.6000029039800422,0.8298853182266821
1070,9,0.022918662186281802,0.027800033804480817,0.07564743320325162,0.8755034773123228
1071,0,0.2413722085117206,0.873452076725605,0.28035797805868434,0.31763092054346753
1071,1,0.23248256519419308,0.951964542952208,0.6511959206102838,0.30822625638650836
1071,2,0.32186011062009445,0.8272202510461631,0.8093957822913632,0.5247810507494796
1071,3,0.11566390810760863,0.3705115509722139,0.3690521084675785,0.028551923113789845
1071,4,0.8340780319493248,0.4565208513908897,0.8696421127335691,0.5790926587677515
1071,5,0.5391254384586983,0.8302171172474271,0.9233085664921572,0.8761536637631121
1071,6,0.03568972477356669,0.28918492088142944,0.5433516630524164,0.24087324090997975
1071,7,0.5924011475731361,0.6081546841939611,0.6839707817907127,0.450835969741342
1071,8,0.624895175222714,0.42733786513251215,0.486939355953836,0.5228384181751737
1071,9,0.3790255677141149,0.7929088181131574,0.7491278521212156,0.3043705075520484
1072,0,0.5187528528705356,0.6837598871420273,0.8712281208908259,0.1263017218208654
1072,1,0.8871027536869396,0.43698163521489,0.7598528582530479,0.8496754392588329
1072,2,0.5292563233680496,0.5127305664820344,0.3470607417377055,0.4039502272805535
1072,3,0.1980789242058486,0.5567966486653609,0.5560900817076183,0.6975232386222113
1072,4,0.7981873354059377,0.509378351839512,0.45568756311027436,0.9839164103062448
1072,5,0.7314074423763764,0.7993368401990502,0.6231221234514961,0.1942606104279072
1072,6,0.8446842046735947,0.8360415172117628,0.9884780851528582,0.6001404397395379
1072,7,0.3790338347642628,0.48513945139331294,0.6996525025202801,0.9650158443464293
1072,8,0.2858419555192596,0.8372479486764978,0.9543954405233074,0.5231890217931029
1072,9,0.5675617388913993,0.018287610608768046,0.3413115140136711,0.7213694145691222
1073,0,0.32444207427097016,0.9256374463315932,0.639039099235127,0.956286428680169
1073,1,0.6000403026536283,0.5895997485343035,0.8521379110545222,0.745576534379067
1073,2,0.42976530657403933,0.46693099856212184,0.4818935672556812,0.7598924842333853
1073,3,0.7392491385452047,0.2983726186716694,0.44675549792614644,0.23175533971963247
1073,4,0.3375486466694694,0.07996611790718167,0.3376249529027697,0.08169222116626662
1073,5,0.35571588320261405,0.5922326912599577,0.03035011852172287,0.4788148704229056
1073,6,0.09020699854534842,0.19917227367056922,0.5423721572167108,0.30509305514535734
1073,7,0.08276984244767205,0.2275308711906514,0.37643033403841875,0.6847050593071266
1073,8,0.8928557378198342,0.872459520823583,0.38500827022768835,0.20939317392382073
1073,9,0.9986655866811809,0.16066010093167238,0.9359722210190986,0.6091236140999869
1074,0,0.9998806893184687,0.355797323465733,0.7484409551032589,0.9369820612998029
1074,1,0.9876064194440315,0.8349492415979273,0.905944593446052,0.5713409115852965
1074,2,0.5108649920413737,0.3625382657476285,0.6275326583003041,0.3680342265519352
1074,3,0.2896661093728876,0.2535088330416707,0.02745269186806043,0.20180640886480483
1074,4,0.5573757280077353,0.6363518057625211,0.09741110210303827,0.9576125518915048
1074,5,0.34646354568459103,0.5065867734706785,0.6532804477420671,0.02530522303633853
1074,6,0.22557099716396822,0.5133300117880013,0.2738233104781511,0.7461891074393512
1074,7,0.5545257449533864,0.1694702480736493,0.3954569817627195,0.9123088958595752
1074,8,0.630450756804607,0.1939380384022762,0.44674996019301494,0.7688608907611428
1074,9,0.8831742129199146,0.3523721910945097,0.13542263437811453,0.2447315614700737
1075,0,0.787352676479533,0.9733250884458098,0.7459446720476074,0.6544571746885975
1075,1,0.13047945728424082,0.25907902288227935,0.878325137000507,0.8105932734415069
1075,2,0.20279385860330768,0.34183875025767174,0.8555869497457554,0.4073630343875805
1075,3,0.7194918640003897,0.6967832433167067,0.395658947876638,0.834855051138821
1075,4,0.7380800367090342,0.7640697058406418,0.09069296452453512,0.11988003828170812
1075,5,0.8940007050377803,0.061923415683387883,0.25379871585353875,0.43284216420943766
1075,6,0.3303513609650015,0.6263564612090312,0.030498142583498478,0.18642624068844837
1075,7,0.7278061024956904,0.42546121724416786,0.5159619650280544,0.7507588065616325
1075,8,0.7208645557507337,0.38565919898532275,0.7303692101409305,0.4449128098620303
1075,9,0.7288814196498288,0.8203990050177482,0.47497525410966557,0.46380745569990056
1076,0,0.36973526339749274,0.21850796344920265,0.8520676290192453,0.39891752138428116
1076,1,0.8427873551592887,0.5111055463889257,0.7795885334413349,0.26268891320396437
1076,2,0.7178276805124926,0.707351925498959,0.4546546429481143,0.9063227622742531
1076,3,0.38972568565855026,0.5118294450888611,0.5676785711659944,0.6809827501596473
1076,4,0.3097559497541028,0.483546880202149,0.951597487786245,0.46606617723419685
1076,5,0.17960314436799152,0.7444010491181975,0.6167167314878963,0.546340641256529
1076,6,0.6275688742373526,0.8704772603383318,0.9210103572434,0.47739285967919876
1076,7,0.10456030695674501,0.6571302785250142,0.5095569121756619,0.7806152295969346
1076,8,0.07760107707789299,0.9493372056268626,0.535546370372093,0.7235857137700477
1076,9,0.6564869344047719,0.8865196277502345,0.4314972958103219,0.9578702574948122
1077,0,0.9232441267756183,0.05532331015472225,0.3602872413708994,0.48688681229141784
1077,1,0.23141016175953488,0.7086819134592086,0.8259165850707989,0.8279913496826841
1077,2,0.973539865078367,0.7467110027096452,0.17453991926968404,0.2972915800806514
1077,3,0.9131605490419987,0.47804062261572333,0.20225961602820297,0.11094960847277513
1077,4,0.8805201984617643,0.5000916846053736,0.7291298446638609,0.9789467356104911
1077,5,0.9113909607479781,0.08641492605530732,0.42738655416207805,0.7938857189302172
1077,6,0.46420613513531317,0.46398087526642395,0.8821731832575028,0.7859572145487833
1077,7,0.6170028540301693,0.536108318001293,0.10584551155978483,0.7910308243861773
1077,8,0.6297359882078425,0.6814921885867278,0.6625979169554529,0.27888906926133616
1077,9,0.2084635398874869,0.34842168186670897,0.8339504714086494,0.5244894210085476
1078,0,0.8946279175327644,0.15706463061986098,0.25139461082755077,0.938076171341498
1078,1,0.11531624422220843,0.3829477060731201,0.7447210545681301,0.06857948484820009
1078,2,0.4645538390070816,0.25053252458476083,0.8295438678801013,0.4751617961032574
1078,3,0.4395405005935482,0.03304596493209511,0.2460430985477543,0.8449135756855067
1078,4,0.7973623917222293,0.8681487196487322,0.5901802040293713,0.7729624784919493
1078,5,0.7410357372607453,0.43600894422141734,0.14712694980905539,0.275134585776882
1078,6,0.7580970538846595,0.14809530383552794,0.08331246815661508,0.14536885108482112
1078,7,0.1473274331759835,0.22684458740670266,0.7312633093245565,0.6718615054201282
1078,8,0.38953919412157223,0.4939190434163754,0.9367385276135486,0.4518773999131941
1078,9,0.4314948715699892,0.10320792911836263,0.7562717714711946,0.6013226855461568
1079,0,0.9417242810833796,0.9325796643782838,0.7349541947699132,0.7613500688783633
1079,1,0.9654780844951696,0.3159318757837186,0.6984673876727452,0.46866729955713593
1079,2,0.5545549997071211,0.5523526957852064,0.2547237569309597,0.34193879348702494
1079,3,0.45939828344306977,0.553051873871939,0.7421581831625104,0.16482962413712376
1079,4,0.889168901778179,0.7355397287611838,0.8870957509637194,0.21843457514958275
1079,5,0.5962086382811661,0.45158026042259825,0.7445522148171974,0.16499237607937256
1079,6,0.680473242734686,0.3119730910675438,0.3994654056673891,0.7858786449369392
1079,7,0.9540313616245156,0.7898980889581839,0.8164939393049871,0.3844324015121978
1079,8,0.4268031737278414,0.9819642379325236,0.12662972526980076,0.43884417176765145
1079,9,0.19225757774663432,0.6884888543961225,0.05551627678934945,0.9238721417925007
1080,0,0.9068587116452201,0.8551486415823528,0.28649394797034533,0.6861020399789226
1080,1,0.5584898408670749,0.4744235550130318,0.6140249460933429,0.06624425904752407
1080,2,0.998040399593873,0.35648973643632953,0.9342398093827506,0.4851455371347999
1080,3,0.9735038829450475,0.33697807538691016,0.15225683935811463,0.30001757746492463
1080,4,0.19732294673840067,0.8285674373090857,0.9455715306827103,0.10663314716461192
1080,5,0.9476566556461148,0.018584236448861757,0.09737649126640868,0.7617695979536109
1080,6,0.9087701033627582,0.02860534173676399,0.8807708909060715,0.19977641733630025
1080,7,0.49392411025505356,0.6473382465783623,0.4946527763382438,0.44023456008480233
1080,8,0.025824484823236182,0.2714567216236061,0.6176087767723357,0.4973848528050777
1080,9,0.5238338679888271,0.5536240662765715,0.03471495743212616,0.6847831239456084
1081,0,0.4453162589523929,0.930099668212484,0.17334463890916574,0.9445925132248685
1081,1,0.3355896061667403,0.23595072500594172,0.9448446743892992,0.48796167152428604
1081,2,0.9232494991520562,0.21096439916517695,0.3606000539868336,0.3556711508878131
1081,3,0.6759428348878782,0.15906888673303765,0.7437114059895551,0.1548955087128321
1081,4,0.9505341959559325,0.9263879781440482,0.6061192544115287,0.051638314291011844
1081,5,0.6013955949676462,0.7080186714700145,0.9840216188085749,0.4707636025303785
1081,6,0.8844888578508624,0.4983788694619157,0.9927463750934016,0.26278856257639427
1081,7,0.5080361943929619,0.50498077262638,0.8712901205665323,0.22017454000810244
1081,8,0.41843021460284313,0.5913762951350859,0.10807751941695198,0.7880247530161214
1081,9,0.7129062810448259,0.3282697284162912,0.48348043460371093,0.8860147876012225
1082,0,0.6945852417478402,0.34663116559680796,0.23418591245688458,0.23439708282306948
1082,1,0.3726602300185796,0.7789115395907927,0.38723541293083474,0.3571696220072198
1082,2,0.4566398538316889,0.2364671633574167,0.9606239976126834,0.6920465018532462
1082,3,0.06416556706654597,0.8027141771609195,0.20029660913720637,0.5201986443164279
1082,4,0.8207973005518712,0.8682123015517552,0.04601468529866648,0.2504508684704536
1082,5,0.9736775157736797,0.27413612453865344,0.48316591104857676,0.06974781547539022
1082,6,0.2681839135556965,0.3272493743229,0.5569986017691987,0.9585540025559875
1082,7,0.9139691896918934,0.32593584255598107,0.5467313068567516,0.19867706132130836
1082,8,0.4556718734500771,0.861601189425486,0.30931051576981117,0.1411235722377051
1082,9,0.8995217109829668,0.5288827301613814,0.2028612822027358,0.3034465919201902
1083,0,0.40395830909743613,0.8144692737164894,0.8395803694617476,0.6978702665243458
1083,1,0.054779934694968335,0.08805905188334306,0.2063520036898503,0.08462431072602905
1083,2,0.5938658838617191,0.364510831304075,0.8410667285123133,0.1745272542415126
1083,3,0.7815843324047005,0.6412156250705204,0.9107160613763143,0.5582026232415062
1083,4,0.03873007737171852,0.16467306401097004,0.7877982582079606,0.06424830146675031
1083,5,0.3765703143007323,0.46662461570538283,0.2906164396643839,0.19133776359495536
1083,6,0.38707532815366963,0.47522581812288556,0.02999654212862901,0.7793072875013218
1083,7,0.22364266379746744,0.40733993760073084,0.1258721145278544,0.9866703491156051
1083,8,0.9530665121311626,0.6751511705344544,0.16103057522647946,0.042312749870589195
1083,9,0.2480771687474621,0.44949147544948076,0.5250953122090625,0.9572652318516733
1084,0,0.8419189188207543,0.05244132758778175,0.36991657035715764,0.3438690759804822
1084,1,0.6903353377399528,0.035916535030961594,0.019391017049920745,0.9717555810952762
1084,2,0.6538880052077177,0.09444151181429383,0.20818540553762954,0.9022708280675857
1084,3,0.0371723592458536,0.1513213968236925,0.9385269088107766,0.08222458067985083
1084,4,0.4225959316205399,0.34787011135830503,0.9111088924150651,0.7936367634347222
1084,5,0.9622234625499401,0.8004693371015997,0.32397202041167805,0.1357609462449656
1084,6,0.5959662305534597,0.11092210904347444,0.9700172097691535,0.6920147766043736
1084,7,0.9717399401623662,0.7936913935706089,0.12329043951013596,0.861977529766296
1084,8,0.7715204745078603,0.05373414793724185,0.6440648270691144,0.19984040539211578
1084,9,0.2043068788829011,0.16364745524854685,0.7644361207564564,0.5387782189739155
1085,0,0.8516963779836999,0.45735272730025756,0.5496994545027254,0.6766384245846017
1085,1,0.7129134309927299,0.510469331097308,0.6121440492634175,0.32493202640641394
1085,2,0.6344093343167664,0.14525797455673117,0.26333151690932566,0.14610080004456816
1085,3,0.419319999121078,0.8129950806263259,0.06824705744592974,0.004951115203211454
1085,4,0.5344507540952699,0.38163224450940036,0.7288174258474808,0.9977864634302115
1085,5,0.6717989500760732,0.05364970174045591,0.8465580272928389,0.454337131136497
1085,6,0.2538344013115327,0.40704772672505896,0.3522898645241461,0.49983105829124985
1085,7,0.943644179251948,0.3402895979476469,0.22239861305854713,0.4380903710057653
1085,8,0.923278551127991,0.7492910454071151,0.4519222494202546,0.1900985133734252
1085,9,0.22074423618497585,0.9467759670497509,0.930735082158909,0.43230302335709037
1086,0,0.833986389852156,0.14956360386517997,0.4187203916351503,0.49625449224892115
1086,1,0.7959017957584749,0.9838458157060995,0.8969313544079311,0.03527883867160386
1086,2,0.5959784911964916,0.8386522170431977,0.43273772741785177,0.5637742744914073
1086,3,0.021542460155498655,0.5731481354441557,0.9390394756926511,0.5963796360275607
1086,4,0.4935804442126841,0.05456257421583288,0.17265869202637996,0.19161267809800664
1086,5,0.6949155548486714,0.3869332569299012,0.09177563360016916,0.9495669354554389
1086,6,0.322426692720318,0.5721761734138416,0.7833616994783267,0.41949317898417315
1086,7,0.1722771818339628,0.5047572989928507,0.061646628426067385,0.9926478412850955
1086,8,0.27718839489946323,0.5327700828664065,0.3086310964129929,0.4416869061650899
1086,9,0.7280858870783913,0.04091794078655764,0.6555241627721672,0.6131205947915698
1087,0,0.48544787231305775,0.06919962731268392,0.33197660668219786,0.7958503306037765
1087,1,0.42469842094360266,0.0473981295471132,0.18622262796713462,0.09164589130040335
1087,2,0.5334796124212556,0.8114352163013044,0.630095442789798,0.0006099340704968093
1087,3,0.4157871551244873,0.4174502243741066,0.6974102241037258,0.8998944288292845
1087,4,0.7406711377097543,0.8554147880776128,0.8516671708837482,0.9598059755498702
1087,5,0.7288065326576433,0.5107770516172843,0.919458991883312,0.6135585194022097
1087,6,0.2253101237704247,0.8700511418830468,0.8112259806676396,0.12892396699157582
1087,7,0.3647075211437292,0.3110469842136796,0.4654543554759678,0.6636164877758518
1087,8,0.8467240316683927,0.43945490671139376,0.03608671666652008,0.09758503603551782
1087,9,0.4250444944067041,0.44255659834584604,0.7564506431993557,0.8197625434063669
1088,0,0.5678672276194235,0.03893848376472142,0.19486530672755398,0.8144601650369814
1088,1,0.868560420011289,0.32147239619833534,0.23969561833905806,0.6957221028354835
1088,2,0.828383125880995,0.1595080786780294,0.39911283761563443,0.19221439568061371
1088,3,0.2506428422445398,0.9200942859725565,0.2219795706166774,0.38213850178351205
1088,4,0.2952034371949134,0.8251298389681464,0.13542143030999143,0.29062487194089515
1088,5,0.5832594022809631,0.9024346312909806,0.9382267021142852,0.9203558242621399
1088,6,0.5782121550806135,0.7731249455611743,0.24665563385095257,0.5345564167215288
1088,7,0.6597722118517302,0.430312682815052,0.5502433583555808,0.3049849651130717
1088,8,0.8770317877030164,0.5005091255536681,0.1339944230719261,0.0645285653219475
1088,9,0.9854906425695888,0.21795533369641362,0.21345251055839687,0.16882631310995377
1089,0,0.09760792441234856,0.7945142488183066,0.3593301432404009,0.05208384680047495
1089,1,0.5971884324927493,0.17002798145138975,0.7075988034009568,0.850444661942397
1089,2,0.8205304560770854,0.2576360348491,0.7489580988907171,0.2907562510063296
1089,3,0.5645284311666394,0.39220509993425623,0.7426065321084899,0.2371994228570219
1089,4,0.846563030761735,0.35877587198744865,0.9265934697833547,0.2748444409808346
1089,5,0.44967012025027686,0.8087758452402085,0.9715272732550665,0.9743510047053009
1089,6,0.9773575922240483,0.6422876681680445,0.4692599555498146,0.5127188024494486
1089,7,0.41416363606689655,0.19853132130268503,0.8474858438865405,0.3649386180810339
1089,8,0.04540218107170835,0.2848564965128887,0.7653430920715351,0.05082799468856236
1089,9,0.49651876809708717,0.4598250213546683,0.4410694401218195,0.9678623256048201
1090,0,0.6769494482521865,0.17132361989469103,0.3123158605813948,0.1752216840300822
1090,1,0.3334544026811084,0.6856081350754623,0.08771734343667625,0.8542313161709993
1090,2,0.1084857848845795,0.9878349708945224,0.06063478941523359,0.7764732996422812
1090,3,0.6675746735144257,0.5100117348882877,0.3233882300533003,0.8896130314700478
1090,4,0.9268894722591463,0.6396471509540653,0.8006956737400124,0.15438488706617226
1090,5,0.8026940274538762,0.9971394704601033,0.7082219823058861,0.29404760746473513
1090,6,0.5134279553031402,0.49014078184332244,0.15232680752544236,0.8526474816475387
1090,7,0.28992386407331194,0.6706492145885194,0.135476865640498,0.3064538185280956
1090,8,0.6856888169294538,0.36164755249703495,0.12070890702525783,0.2026514099022103
1090,9,0.6120098583957926,0.8641303213402846,0.34878756168665603,0.20711997795921733
1091,0,0.07695300611757505,0.15429907813623045,0.6286615503270758,0.9814727874845628
1091,1,0.5374974863750508,0.07446162126712474,0.20835197007935224,0.9639687873757856
1091,2,0.8275677748199145,0.8966941345944306,0.4149725685345905,0.14288406950651045
1091,3,0.7155269660961469,0.21991869628852967,0.9938884458519307,0.10014000329109074
1091,4,0.3358271794125026,0.20374455066490427,0.7805612638369908,0.9957693349037269
1091,5,0.6829421192077441,0.5562244284607603,0.5319283474992899,0.7881326717706644
1091,6,0.5330274192602245,0.3750664214132249,0.804334745368816,0.6611893811136524
1091,7,0.008900921142098062,0.39577642782418565,0.6348080360663482,0.5941736613227837
1091,8,0.015841477808140936,0.9492012941660899,0.2980273185842972,0.3321719130654087
1091,9,0.1645403223466949,0.06736198644409419,0.7774210058435288,0.368035560379972
1092,0,0.020218127865816338,0.3860660124828331,0.6737796265335856,0.108920930400209
1092,1,0.375052789115464,0.9883301046116499,0.595284751909077,0.6039439653429178
1092,2,0.5427896946863202,0.0972010804468344,0.8139466939905886,0.3448182313748388
1092,3,0.9813852973650832,0.842937717334804,0.6042688322187104,0.7582396209965142
1092,4,0.383914751522098,0.815620044943159,0.7177023460419897,0.6279588144317811
1092,5,0.818276375502507,0.07012056952014145,0.7944685680687738,0.5368600754774402
1092,6,0.6279300306988047,0.283939280618988,0.3579648504684917,0.4098768509421774
1092,7,0.599282871069095,0.3022334132361164,0.8418658242141168,0.038297925023452306
1092,8,0.19176069711498267,0.04250801763114076,0.21782434077196722,0.22461754585454818
1092,9,0.04940402415102474,0.13963405985320498,0.33614287482185234,0.6819654290893441
1093,0,0.7472665055808757,0.539840349952322,0.6599150674929917,0.708001565071994
1093,1,0.7667532295079307,0.5985468569596006,0.3991634711432378,0.488552042748181
1093,2,0.3481251372183233,0.8697394086382316,0.10874044960891927,0.37462407713637647
1093,3,0.48498918885439735,0.5267172786722544,0.5726687338176113,0.19204350963340067
1093,4,0.9159841589850342,0.04955339775642875,0.6048689943804274,0.857391637762916
1093,5,0.963752758760441,0.2706415969950339,0.24206668350844474,0.7390413523317076
1093,6,0.5211755220148021,0.426504304964335,0.6095656181941742,0.7211365695445039
1093,7,0.3862248928168166,0.772904776605099,0.40533625561745124,0.3454356943360858
1093,8,0.7857142190188691,0.3944963206422132,0.953455817955811,0.6623907976438304
1093,9,0.3757055239802517,0.2482860627403004,0.48263327209553364,0.8643699408048542
1094,0,0.7312433821412379,0.2178323045237578,0.4760063037866976,0.5637801164414659
1094,1,0.1713881477439324,0.8672256771469926,0.19325058338346723,0.19589717669263784
1094,2,0.03970849296330414,0.16996157951901303,0.6088700567132572,0.8726495962235794
1094,3,0.7925163900503143,0.12039036577008777,0.34108091201890745,0.1945679030786036
1094,4,0.21563144998810246,0.6496654434464015,0.04331602897986819,0.7055956139339704
1094,5,0.11148478063878176,0.22847930374927128,0.14821236908253688,0.1104002761445424
1094,6,0.17652393248861897,0.6572824799040962,0.7651680060820734,0.009765174347899364
1094,7,0.6522748978805457,0.6869741173770534,0.34803632565329434,0.42360459504044956
1094,8,0.06595994242393344,0.5587273486643981,0.6643063411597743,0.9130412907583504
1094,9,0.9338531566910099,0.8074746152962188,0.3046983957092716,0.09559051523742212
1095,0,0.46021452872742163,0.2990347250448937,0.4895390019510355,0.4704782551240735
1095,1,0.31438721319310403,0.024982030191026294,0.5347544974645051,0.2519019785990084
1095,2,0.6481897380614424,0.36965299062983814,0.5947473706023598,0.36110764676320195
1095,3,0.6442424492560789,0.8673340469590799,0.006012384192724984,0.8964897778378776
1095,4,0.57762688029628,0.9012028565250654,0.9351525567415022,0.20956788963611317
1095,5,0.29918682979841804,0.101451333891729,0.8943680411762753,0.032172427169200435
1095,6,0.5414790441054081,0.8395324945135871,0.5625204348694538,0.2930501151318392
1095,7,0.9010496658131464,0.2588068808308388,0.11810704334590927,0.12971480111980238
1095,8,0.31652400909902534,0.9350524485704289,0.4784291932937933,0.7808562177206307
1095,9,0.6159339323202945,0.4134676720398648,0.5598001725573907,0.20582755399462593
1096,0,0.9622831546120629,0.8943060102706509,0.23897125227942462,0.5751282297390711
1096,1,0.24279882437268374,0.9754440429098096,0.6337379061130894,0.6072772769584528
1096,2,0.6217238774708018,0.31340994915510323,0.21518282028398572,0.3698240602601336
1096,3,0.34050441633562467,0.2598158201183355,0.9350490346139373,0.27555089211960526
1096,4,0.8125230132350625,0.025765163361708865,0.7834248287046527,0.8850997700976476
1096,5,0.9544153524842756,0.763771740308746,0.9491165044730819,0.9385613383726542
1096,6,0.1630878978979864,0.5869331100370512,0.6732530324332786,0.16218238829664045
1096,7,0.1385053145448546,0.08405226373574648,0.9888696165219356,0.6672216599328685
1096,8,0.4267195063777127,0.5425476365987725,0.08513094465770243,0.8162244641485736
1096,9,0.4565420572470569,0.8984496351064815,0.8847174987042458,0.49090665221282015
1097,0,0.46129648715244387,0.5185166326467943,0.24712887321187604,0.7520525862526559
1097,1,0.24480675657193918,0.08115780946744855,0.4768608205679754,0.31568120626103646
1097,2,0.9982611406287847,0.6260676569266974,0.8818493711084479,0.3273363290086547
1097,3,0.4406744750588262,0.6451226077566097,0.0211604607447744,0.579286310878029
1097,4,0.6009631448433395,0.67649723127624,0.20073093274736864,0.8598665448093297
1097,5,0.28896043070395716,0.004382931577775584,0.0959463406695652,0.37970684293467916
1097,6,0.46631103904876003,0.0534397280873774,0.5355089056684208,0.7351820313987332
1097,7,0.41594111448546855,0.5504679183523403,0.4331605933117414,0.7857143088600426
1097,8,0.7952491352116738,0.4535700585953576,0.9414521518683964,0.486974550244646
1097,9,0.44300374097220985,0.6183327346080782,0.18166439919116117,0.974733168410121
1098,0,0.5183638412285602,0.37461191151794737,0.040157159192831915,0.1009228778050183
1098,1,0.914110616558324,0.5328188776831322,0.17725749099202337,0.3724962757263216
1098,2,0.7223035919099549,0.9185431723391867,0.8710400212393075,0.9115595499915307
1098,3,0.833349158578338,0.12116871296374132,0.5867061135720593,0.5624405451940583
1098,4,0.6380783921726478,0.369014011942841,0.2058399518278592,0.2157208259133686
1098,5,0.8207302746220838,0.0022054171421130864,0.8532005547688613,0.6291419686823448
1098,6,0.17981668014500474,0.38838967355001586,0.9248729649017171,0.07627285503935777
1098,7,0.16571152964543423,0.15456368194539538,0.10797924885264865,0.994627178620209
1098,8,0.6904714545936173,0.8817480104059733,0.547643359427143,0.30506738994173255
1098,9,0.7106138178188114,0.6131340981541925,0.062021429355059055,0.12066846389665364
1099,0,0.0579389080444922,0.5472350487975858,0.8601122961595143,0.2238594540524328
1099,1,0.5661542731878645,0.6571521728691135,0.129187316460613,0.025912116639362992
1099,2,0.5733790360466386,0.2192462637203042,0.9376366717269249,0.2949351572354456
1099,3,0.9020627239704769,0.730140591693898,0.3103309746267283,0.9690541858073805
1099,4,0.02340765920238186,0.018899721409561865,0.021014120003327807,0.575006309443371
1099,5,0.9233533265417634,0.7542820305426579,0.19552390330645486,0.6793428491020069
1099,6,0.5863191773498698,0.7884427139535505,0.927952619252195,0.40748473804001306
1099,7,0.5850052600129154,0.45166012639054154,0.5147266216532448,0.06293658315939421
1099,8,0.9172492679286486,0.030656902424862742,0.948778236757965,0.47548922114628356
1099,9,0.9485995012674586,0.24666330202325526,0.45632677791356635,0.4217934029050422
